index	youtube_url	tonality	shazam_id
00001	https://www.youtube.com/watch?v=SJOKlqJho8U	C major	555683241
00002	https://www.youtube.com/watch?v=TDB3BULhbFk	C major
00003	https://www.youtube.com/watch?v=b-eYbUVZedY	c minor
00004	https://www.youtube.com/watch?v=cZAw8qxn0ZE	d minor	474750126
00005	https://www.youtube.com/watch?v=jI-w4gvkCkQ	e minor	275684922
00006	https://www.youtube.com/watch?v=JQbjS0_ZfJ0	f minor	409864492
00007	https://www.youtube.com/watch?v=rO0wIhJ4THM	b minor
00008	https://www.youtube.com/watch?v=KFNEtO7fO9M	F major
00009	https://www.youtube.com/watch?v=0uljUDtv1Kw	E- major	313168772
00010	https://www.youtube.com/watch?v=vnfGni4_RlI	G major	521029167
00011	https://www.youtube.com/watch?v=5WsvJaUAWlU	C# major
00012	https://www.youtube.com/watch?v=ZAfAud_M_mg	F# major	496456684
00013	https://www.youtube.com/watch?v=s-BW2gKnVz8	B major	216832811
00014	https://www.youtube.com/watch?v=a8GRiiaef3s	C# major	233317059
00015	https://www.youtube.com/watch?v=RqcjBLMaWCg	g# minor	377398446
00016	https://www.youtube.com/watch?v=eBHHGXT9bRs	a minor	524197501
00017	https://www.youtube.com/watch?v=PKcGR3hexig	C major
00018	https://www.youtube.com/watch?v=6swmTBVI83k	g# minor	676536065
00019	https://www.youtube.com/watch?v=WDZJPJV__bQ	b- minor	524515918
00020	https://www.youtube.com/watch?v=IwH5bUm9ChU	g minor	546422146
00021	https://www.youtube.com/watch?v=L7mfjvdnPno	b- minor	524824733
00022	https://www.youtube.com/watch?v=XJZFVudMLhk	B major	464422378
00023	https://www.youtube.com/watch?v=XpCBw83vN-4	C major	294655415
00024	https://www.youtube.com/watch?v=Z_r7vfEx0dI	a minor
00025	https://www.youtube.com/watch?v=CnAmeh0-E-U	c# minor	460939509
00026	https://www.youtube.com/watch?v=Cwcinb2OxUo	F# major	599697485
00027	https://www.youtube.com/watch?v=Nj2U6rhnucI	e minor	532284968
00028	https://www.youtube.com/watch?v=0EQ-NNM8l64	e minor	492994406
00029	https://www.youtube.com/watch?v=zGlLe1w3DJM	e minor	318701318
00030	https://www.youtube.com/watch?v=ZengOKCUBHo	a minor	514871862
00031	https://www.youtube.com/watch?v=GNb4FBawH_U	e- minor	524590754
00032	https://www.youtube.com/watch?v=o_1aF54DO60	D major	437442012
00033	https://www.youtube.com/watch?v=DAMM8JVbr8g	G major	340494177
00034	https://www.youtube.com/watch?v=4Gu94ygq6DI	G major
00035	https://www.youtube.com/watch?v=caoP4dj2oro	A- major	294211238
00036	https://www.youtube.com/watch?v=yXQViqx6GMY	G major	443294615
00037	https://www.youtube.com/watch?v=U5THE-VSQoY	F# major
00038	https://www.youtube.com/watch?v=n0Gxl1V800E	A major
00039	https://www.youtube.com/watch?v=YYVaow6Z7fs	C major	533729945
00040	https://www.youtube.com/watch?v=3rkJ3L5Ce80	d minor	358705639
00041	https://www.youtube.com/watch?v=dpPXpHx9jO4	b minor	248448784
00042	https://www.youtube.com/watch?v=zMBTvuUlm98	A major	434419046
00043	https://www.youtube.com/watch?v=K09_5IsgGe8	a minor	505788912
00044	https://www.youtube.com/watch?v=6L_k74BOLag	f# minor	629133130
00045	https://www.youtube.com/watch?v=OdMkisHZ5zk	F major	378771652
00046	https://www.youtube.com/watch?v=SY3111qZcNM	F# major	524963077
00047	https://www.youtube.com/watch?v=OcQ71ubUXAE	g# minor	529685165
00048	https://www.youtube.com/watch?v=mY5vVxeLjUo	A major	537347043
00049	https://www.youtube.com/watch?v=U3ASj1L6_sY	d minor
00050	https://www.youtube.com/watch?v=LHCob76kigA	B- major	336147827
00051	https://www.youtube.com/watch?v=DJFMRLIe-0o	e minor	539569105
00052	https://www.youtube.com/watch?v=RBumgq5yVrA	E- major	479850116
00053	https://www.youtube.com/watch?v=n1a7o44WxNo	b minor	672729243
00054	https://www.youtube.com/watch?v=C_3d6GntKbk	B major	408639267
00055	https://www.youtube.com/watch?v=mzB1VGEGcSU	f# minor
00056	https://www.youtube.com/watch?v=6Whk1PrK4GY	c minor	509607264
00057	https://www.youtube.com/watch?v=6dtdYVHqK4Q	G major
00058	https://www.youtube.com/watch?v=29GWMT0GB6s	A major	261339453
00059	https://www.youtube.com/watch?v=TJnu8KEtCqY	D major	481151882
00060	https://www.youtube.com/watch?v=2xkqJDW8eBU	B- major
00061	https://www.youtube.com/watch?v=caoP4dj2oro	f minor
00062	https://www.youtube.com/watch?v=zFppanysB2M	E major	431347658
00063	https://www.youtube.com/watch?v=p1noRCUvsrM	F# major	549883981
00064	https://www.youtube.com/watch?v=fqzhtvLWefA	A major
00065	https://www.youtube.com/watch?v=P1DzsWenr7E	a minor	230673700
00066	https://www.youtube.com/watch?v=DQF5aHVOW5s	C major	473346450
00067	https://www.youtube.com/watch?v=Wa64gOwuIyE	a minor	280492327
00068	https://www.youtube.com/watch?v=CMla2ZIz7-4	c# minor
00069	https://www.youtube.com/watch?v=BboMpayJomw	e minor	508366692
00070	https://www.youtube.com/watch?v=wKOptbo-QFw	F major	526480254
00071	https://www.youtube.com/watch?v=c0gTgLz8LkM	d minor	497218307
00072	https://www.youtube.com/watch?v=9IHwqdz8Xhw	b- minor	525571210
00073	https://www.youtube.com/watch?v=njggQjaDXc8	C# major	508618237
00074	https://www.youtube.com/watch?v=iI34LYmJ1Fs	D major	461166493
00075	https://www.youtube.com/watch?v=RfiSW3jfJhA	f# minor	443576061
00076	https://www.youtube.com/watch?v=K3BLywhPiF4	e minor
00077	https://www.youtube.com/watch?v=OLrffZoMP2k	f minor	510816241
00078	https://www.youtube.com/watch?v=NvMiXpmNlYM	c# minor	533017662
00079	https://www.youtube.com/watch?v=-bFZg_SMUhM	F major	288724532
00080	https://www.youtube.com/watch?v=GrAchTdepsU	B- major	529722332
00081	https://www.youtube.com/watch?v=UNZqm3dxd2w	b- minor	504494806
00082	https://www.youtube.com/watch?v=Kb24RrHIbFk	A- major	408197026
00083	https://www.youtube.com/watch?v=EgqUJOudrcM	a minor	320592316
00084	https://www.youtube.com/watch?v=GLnxD1cFkoM	C major	257641355
00085	https://www.youtube.com/watch?v=8EJ3zbKTWQ8	g minor
00086	https://www.youtube.com/watch?v=bo_efYhYU2A	G major	442040526
00087	https://www.youtube.com/watch?v=GzYSzV7Mltc	C major	444514855
00088	https://www.youtube.com/watch?v=8xH0sdjMINY	f minor
00089	https://www.youtube.com/watch?v=KXglbtShiRA	C major	515641060
00090	https://www.youtube.com/watch?v=24u3NoPvgMw	F major	510860990
00091	https://www.youtube.com/watch?v=pgNY0A0foZg	e minor	565825163
00092	https://www.youtube.com/watch?v=fa8TGMyF0sw	a minor	460293189
00093	https://www.youtube.com/watch?v=yezDEWako8U	A- major
00094	https://www.youtube.com/watch?v=GX8Hg6kWQYI	a minor	440692863
00095	https://www.youtube.com/watch?v=7_BOhZ8wrr4	e- minor	322651319
00096	https://www.youtube.com/watch?v=qK5oK4LU8Rs	F major	609260157
00097	https://www.youtube.com/watch?v=fzV_QZODisQ	A- major	443358219
00098	https://www.youtube.com/watch?v=RB-RcX5DS5A	F major	224155825
00099	https://www.youtube.com/watch?v=iIfl5k2nQBQ	d minor	420467329
00100	https://www.youtube.com/watch?v=UTHLKHL_whs	e- minor	580523766
00101	https://www.youtube.com/watch?v=XwQ7lpnxj0o	F# major	582302074
00102	https://www.youtube.com/watch?v=PMqWX_rnDX4	e minor	413103902
00103	https://www.youtube.com/watch?v=wf_ySBlZjKw	C major	296805714
00104	https://www.youtube.com/watch?v=2p3zZoraK9g	E major	557596780
00105	https://www.youtube.com/watch?v=Xq-knHXSKYY	F major	480287669
00106	https://www.youtube.com/watch?v=RF4evCM8IkY	f minor	511609512
00107	https://www.youtube.com/watch?v=CtA8kgdeN-w	g# minor	202094362
00108	https://www.youtube.com/watch?v=j_A8Zjwr9m0	C major	469939009
00109	https://www.youtube.com/watch?v=Yw1tCJ1y34o	C major	376747476
00110	https://www.youtube.com/watch?v=PGCVhhUxnp8	E- major	562577171
00111	https://www.youtube.com/watch?v=WrsFXgQk5UI	e minor
00112	https://www.youtube.com/watch?v=9p2wMpVVtXg	A major	518434147
00113	https://www.youtube.com/watch?v=-KBh3fm6gFo	A major	294338534
00114	https://www.youtube.com/watch?v=WZzcY7ASQno	g minor	238194392
00115	https://www.youtube.com/watch?v=Xa0Swz3X1cQ	G major
00116	https://www.youtube.com/watch?v=Ockhq8E2FrA	a minor
00117	https://www.youtube.com/watch?v=BB7R0ZY9w94	D major	210386459
00118	https://www.youtube.com/watch?v=NCFAC-pBgOk	e- minor
00119	https://www.youtube.com/watch?v=kIDtQRwtQ34	A major	527230992
00120	https://www.youtube.com/watch?v=i0y7zCaDlzg	a minor	411357306
00121	https://www.youtube.com/watch?v=aIHF7u9Wwiw	c# minor	505855466
00122	https://www.youtube.com/watch?v=V_jHc_n0p9c	d minor	533704938
00123	https://www.youtube.com/watch?v=i_kF4zLNKio	a minor	285395604
00124	https://www.youtube.com/watch?v=ddoFu4sDXpU	b minor	523270800
00125	https://www.youtube.com/watch?v=dp45V_M4Akw	E- major	339702712
00126	https://www.youtube.com/watch?v=xWggTb45brM	g# minor	533139694
00127	https://www.youtube.com/watch?v=6vopR3ys8Kw	a minor	320288112
00128	https://www.youtube.com/watch?v=ZeNNOHr43rM	G major	460462478
00129	https://www.youtube.com/watch?v=EgBJmlPo8Xw	b minor
00130	https://www.youtube.com/watch?v=_G-k6TQYUek	c minor	481901858
00131	https://www.youtube.com/watch?v=DDWKuo3gXMQ	E- major
00132	https://www.youtube.com/watch?v=Q6-tYpWp0Ck	c# minor	504874533
00133	https://www.youtube.com/watch?v=oyEuk8j8imI	E major	316620052
00134	https://www.youtube.com/watch?v=oO6Anf8efuI	g minor	445313150
00135	https://www.youtube.com/watch?v=PNKxAWiu4Fc	C major	567240743
00136	https://www.youtube.com/watch?v=bn_p95HbHoQ	e minor	574483510
00137	https://www.youtube.com/watch?v=bvC_0foemLY	b- minor	340920922
00138	https://www.youtube.com/watch?v=uvWo9pgsEcA	a minor	265777917
00139	https://www.youtube.com/watch?v=393C3pr2ioY	f# minor	460132385
00140	https://www.youtube.com/watch?v=nNi0gyO41VQ	e minor
00141	https://www.youtube.com/watch?v=7zhwihAXMlI	g# minor	583560286
00142	https://www.youtube.com/watch?v=Z5ze4CUAkE8	E major	379103161
00143	https://www.youtube.com/watch?v=0OkB6p_FZAw	g minor	248533278
00144	https://www.youtube.com/watch?v=Eicw_dIi2dw	B major	358713730
00145	https://www.youtube.com/watch?v=eK5mH9oF7T4	b- minor	244913479
00146	https://www.youtube.com/watch?v=YDnCJuZxKOk	F major	472968128
00147	https://www.youtube.com/watch?v=GrAchTdepsU	g minor
00148	https://www.youtube.com/watch?v=SlPhMPnQ58k	B major	520830525
00149	https://www.youtube.com/watch?v=yxgJclR4dUU	c# minor	528628814
00150	https://www.youtube.com/watch?v=up4R_-kpFtE	F# major	474684968
00151	https://www.youtube.com/watch?v=04UjShXZbD0	g minor
00152	https://www.youtube.com/watch?v=80JjES3tTXg	E- major
00153	https://www.youtube.com/watch?v=9SGHPQ2FVm8	a minor	447042463
00154	https://www.youtube.com/watch?v=NmCFY1oYDeM	A- major	332018691
00155	https://www.youtube.com/watch?v=XWvLPlZSH74	g minor	580427295
00156	https://www.youtube.com/watch?v=-tn2S3kJlyU	e minor
00157	https://www.youtube.com/watch?v=jxr03IFQzEI	c minor
00158	https://www.youtube.com/watch?v=SXHpcYneDeM	A major
00159	https://www.youtube.com/watch?v=7Kuwwta_Mms	c# minor	535694044
00160	https://www.youtube.com/watch?v=d7cVLE4SaN0	b minor	491191464
00161	https://www.youtube.com/watch?v=LUjn3RpkcKY	A major	225230795
00162	https://www.youtube.com/watch?v=DvOhxCK52pg	b minor	260569397
00163	https://www.youtube.com/watch?v=8AvtnmD6Fyg	A major
00164	https://www.youtube.com/watch?v=Y3ywicffOj4	d minor	212305965
00165	https://www.youtube.com/watch?v=ojlHPDBzYG8	c# minor	670047498
00166	https://www.youtube.com/watch?v=ilw-qmqZ5zY	c# minor
00167	https://www.youtube.com/watch?v=GxgqpCdOKak	b minor
00168	https://www.youtube.com/watch?v=RLcdPpjKKHo	D major	232251667
00169	https://www.youtube.com/watch?v=gVqcUi9tpCw	f minor	447929558
00170	https://www.youtube.com/watch?v=0Bl_IYEHWaU	b minor	527470901
00171	https://www.youtube.com/watch?v=rGnKkgzVpCE	e minor	260255169
00172	https://www.youtube.com/watch?v=BQ0mxQXmLsk	g minor	356151752
00173	https://www.youtube.com/watch?v=1jO2wSpAoxA	C# major
00174	https://www.youtube.com/watch?v=LH4Y1ZUUx2g	c minor	457375573
00175	https://www.youtube.com/watch?v=YduFDvZqIhQ	F major
00176	https://www.youtube.com/watch?v=PV1gCvzpSy0	a minor	545884722
00177	https://www.youtube.com/watch?v=tSDcbucrWmw	f minor	439462446
00178	https://www.youtube.com/watch?v=MI4k-KvnE0w	D major
00179	https://www.youtube.com/watch?v=E8gmARGvPlI	b minor	240220032
00180	https://www.youtube.com/watch?v=aE2drlA8vf8	A major	338802055
00181	https://www.youtube.com/watch?v=Ah0Ys50CqO8	g# minor	462599768
00182	https://www.youtube.com/watch?v=E0WRQpjckYg	D major	613553910
00183	https://www.youtube.com/watch?v=9WbCfHutDSE	e minor	319345632
00184	https://www.youtube.com/watch?v=bz_EqawkmTg	e minor	276432692
00185	https://www.youtube.com/watch?v=pgWZQr7r0l0	C major	410770126
00186	https://www.youtube.com/watch?v=zABLecsR5UE	C# major	499547532
00187	https://www.youtube.com/watch?v=fJIWta_o1NM	D major	535424936
00188	https://www.youtube.com/watch?v=z1A2Ow7sGo0	d minor	298687749
00189	https://www.youtube.com/watch?v=ToNBGOoE3S4	A major	220068177
00190	https://www.youtube.com/watch?v=iAeYPfrXwk4	f minor
00191	https://www.youtube.com/watch?v=ba7mB8oueCY	F major	472543662
00192	https://www.youtube.com/watch?v=E07s5ZYygMg	d minor
00193	https://www.youtube.com/watch?v=n_EVldaWng0	e minor	497219028
00194	https://www.youtube.com/watch?v=YqeW9_5kURI	E- major	273977154
00195	https://www.youtube.com/watch?v=CfVRSdYASiE	c# minor
00196	https://www.youtube.com/watch?v=LZyybvVx-js	b minor	462599776
00197	https://www.youtube.com/watch?v=1R7utXKO9uA	A- major
00198	https://www.youtube.com/watch?v=dr_GAJZviR0	D major	505263705
00199	https://www.youtube.com/watch?v=Ix8ocFEMa1o	e minor	293105738
00200	https://www.youtube.com/watch?v=fLsBJPlGIDU	a minor	268941064
00201	https://www.youtube.com/watch?v=rGe-x8Ua-gc	c minor	250986204
00202	https://www.youtube.com/watch?v=yzTuBuRdAyA	A- major
00203	https://www.youtube.com/watch?v=vAEwLvxHVVk	B major	270804283
00204	https://www.youtube.com/watch?v=U4O-eEwHxzg	a minor	281846566
00205	https://www.youtube.com/watch?v=6gZ-11-kOSQ	a minor	236199672
00206	https://www.youtube.com/watch?v=450p7goxZqg	A- major	303909244
00207	https://www.youtube.com/watch?v=aBwYUwuYRxE	C# major	433877287
00208	https://www.youtube.com/watch?v=y8tzlpfqrSI	B- major	431312132
00209	https://www.youtube.com/watch?v=F5EbXtaiWww	A- major	647979570
00210	https://www.youtube.com/watch?v=lXYq9ImJIN8	b minor	211835392
00211	https://www.youtube.com/watch?v=5Wiio4KoGe8	B- major	385039076
00212	https://www.youtube.com/watch?v=j1ngEIxopUU	A major	431253708
00213	https://www.youtube.com/watch?v=ODjqWD90Wdg	D major	545140635
00214	https://www.youtube.com/watch?v=G6PZm8vhm6I	f minor	535591715
00215	https://www.youtube.com/watch?v=QnxpHIl5Ynw	b minor	678977792
00216	https://www.youtube.com/watch?v=KnZ8h3MRuYg	B major	283909899
00217	https://www.youtube.com/watch?v=4bzIpYiPUUo	C major	252798666
00218	https://www.youtube.com/watch?v=GZSsOEqgm0c	b minor	265395988
00219	https://www.youtube.com/watch?v=hk9K032K7UM	E major	292715974
00220	https://www.youtube.com/watch?v=JRoam571b58	A major	599606754
00221	https://www.youtube.com/watch?v=hJermMmkVFw	C major
00222	https://www.youtube.com/watch?v=rjlSiASsUIs	E- major	278698658
00223	https://www.youtube.com/watch?v=3XR5mhXtpXw	g# minor	349847107
00224	https://www.youtube.com/watch?v=2-MBfn8XjIU	a minor	324225364
00225	https://www.youtube.com/watch?v=rClUOdS5Zyw	c minor	402449527
00226	https://www.youtube.com/watch?v=ZfZgwhwKVQw	C major	635257993
00227	https://www.youtube.com/watch?v=BI5_hpUxDrM	G major	447337515
00228	https://www.youtube.com/watch?v=RHDrxL28XSI	g minor	576992318
00229	https://www.youtube.com/watch?v=SAWzXkV3hHo	g minor	480558067
00230	https://www.youtube.com/watch?v=mWRsgZuwf_8	E- major	200649232
00231	https://www.youtube.com/watch?v=EgBJmlPo8Xw	A major	506363764
00232	https://www.youtube.com/watch?v=3U72hzeBLOw	A- major	376819230
00233	https://www.youtube.com/watch?v=fngLEe0nyXI	f# minor	505156631
00234	https://www.youtube.com/watch?v=Y2E71oe0aSM	B- major	498312422
00235	https://www.youtube.com/watch?v=VixR_hQci-I	B- major	431312142
00236	https://www.youtube.com/watch?v=xo1VInw-SKc	G major	312860292
00237	https://www.youtube.com/watch?v=5GJWxDKyk3A	a minor	567381450
00238	https://www.youtube.com/watch?v=M9GcyHpptMk	D major	320342497
00239	https://www.youtube.com/watch?v=cJU80pw2t2c	b- minor	481127951
00240	https://www.youtube.com/watch?v=h3EJICKwITw	e minor
00241	https://www.youtube.com/watch?v=OISznHIqUVc	F# major	549190036
00242	https://www.youtube.com/watch?v=zs7u0qG9pNI	B- major	614858127
00243	https://www.youtube.com/watch?v=ioNng23DkIM	e- minor	538811100
00244	https://www.youtube.com/watch?v=VlVhUbGa2pg	b minor	549873304
00245	https://www.youtube.com/watch?v=N6GLTz0_rCA	b minor	522872740
00246	https://www.youtube.com/watch?v=ApXoWvfEYVU	G major	506404784
00247	https://www.youtube.com/watch?v=1t0VzQKyI3M	D major	549875460
00248	https://www.youtube.com/watch?v=FtaW6YMAafk	f minor	538795287
00249	https://www.youtube.com/watch?v=j_9LN8x2z3k	B- major	508062561
00250	https://www.youtube.com/watch?v=SwL9vOBxeXY	G major
00251	https://www.youtube.com/watch?v=YQHsXMglC9A	A- major	293493607
00252	https://www.youtube.com/watch?v=tollGa3S0o8	C major	587651897
00253	https://www.youtube.com/watch?v=bvWRMAU6V-c	f minor	591769946
00254	https://www.youtube.com/watch?v=Mzybwwf2HoQ	c minor	218542956
00255	https://www.youtube.com/watch?v=XXYlFuWEuKI	C major	594187674
00256	https://www.youtube.com/watch?v=7oUvRHA5Vec	A- major	448455594
00257	https://www.youtube.com/watch?v=v5PZw1Wr-l0	c minor	508655707
00258	https://www.youtube.com/watch?v=l0U7SxXHkPY	B- major	505999354
00259	https://www.youtube.com/watch?v=k8tzfpeyPzw	e- minor	346130688
00260	https://www.youtube.com/watch?v=yw04QD1LaB0	D major	434380774
00261	https://www.youtube.com/watch?v=yH2aOllrQQw	A- major	294655428
00262	https://www.youtube.com/watch?v=zeT_nYtjgTQ	E- major	317306816
00263	https://www.youtube.com/watch?v=VaKzNtwPQxE	F major	442057562
00264	https://www.youtube.com/watch?v=NMlBB2pK5qo	d minor	530528106
00265	https://www.youtube.com/watch?v=hEDBZtmKPmg	D major	524197598
00266	https://www.youtube.com/watch?v=_dyvXcv3ej0	e- minor	360975778
00267	https://www.youtube.com/watch?v=BuW_3cNCIhY	B- major	429772047
00268	https://www.youtube.com/watch?v=3DTOwbYHc-0	c minor	492994405
00269	https://www.youtube.com/watch?v=ttuVUynl5SU	C major	206460467
00270	https://www.youtube.com/watch?v=S7OTZMopkUg	D major
00271	https://www.youtube.com/watch?v=u9n7Cw-4_HQ	f minor	597485511
00272	https://www.youtube.com/watch?v=-Pp07jgbPHU	F major	534270282
00273	https://www.youtube.com/watch?v=Dm9Zf1WYQ_A	E- major	531770978
00274	https://www.youtube.com/watch?v=cx580raWnIQ	C major
00275	https://www.youtube.com/watch?v=3uJd1sbEvow	A major	588295521
00276	https://www.youtube.com/watch?v=viimfQi_pUw	e minor
00277	https://www.youtube.com/watch?v=x4Yjd0_cYwo	A major	646317108
00278	https://www.youtube.com/watch?v=OQitfe8u7i4	c# minor	435962189
00279	https://www.youtube.com/watch?v=UiicBHA-joc	f# minor
00280	https://www.youtube.com/watch?v=Oapebl0bADA	e- minor	678003434
00281	https://www.youtube.com/watch?v=8v_4O44sfjM	E- major	301501634
00282	https://www.youtube.com/watch?v=Lo3lxS-6joY	F# major	323918352
00283	https://www.youtube.com/watch?v=SHc8MxKMcnI	B- major	509183965
00284	https://www.youtube.com/watch?v=xQOO2xGQ1Pc	D major	540820288
00285	https://www.youtube.com/watch?v=H8tS5UQmNQM	D major	436960874
00286	https://www.youtube.com/watch?v=2_ScGcuXZqc	g# minor	235592212
00287	https://www.youtube.com/watch?v=3JmL6Z6AiRA	E- major
00288	https://www.youtube.com/watch?v=itp_3yxTOEI	A major	457513795
00289	https://www.youtube.com/watch?v=bXcSLI58-h8	A- major	501605360
00290	https://www.youtube.com/watch?v=lYNxsv-XmZc	f# minor	511872635
00291	https://www.youtube.com/watch?v=kDSkddd7Y_0	g# minor
00292	https://www.youtube.com/watch?v=2ATEejy2Fgk	G major	515645835
00293	https://www.youtube.com/watch?v=uk4Jeq9oR3o	d minor	279232782
00294	https://www.youtube.com/watch?v=BHc2E3pNgA0	g# minor	582585196
00295	https://www.youtube.com/watch?v=V7TUyg2qcSg	c# minor	480284221
00296	https://www.youtube.com/watch?v=AoAm4om0wTs	A major	528644230
00297	https://www.youtube.com/watch?v=WXqbR-h5VMY	A- major
00298	https://www.youtube.com/watch?v=igNVdlXhKcI	E major	446954449
00299	https://www.youtube.com/watch?v=NDpwh0pCXDw	F major	556597357
00300	https://www.youtube.com/watch?v=34Na4j8AVgA	a minor	334943459
00301	https://www.youtube.com/watch?v=tnl8MRsyaYs	F major	479825474
00302	https://www.youtube.com/watch?v=otYHF8jaLjw	b- minor	318187449
00303	https://www.youtube.com/watch?v=1R7utXKO9uA	E- major	437828747
00304	https://www.youtube.com/watch?v=kjUQjq1CBi0	C major
00305	https://www.youtube.com/watch?v=7F37r50VUTQ	C major	339528295
00306	https://www.youtube.com/watch?v=FCN8eZ4NK0Q	C# major	417643321
00307	https://www.youtube.com/watch?v=9MDTCF1dp28	A- major	302676344
00308	https://www.youtube.com/watch?v=bpOSxM0rNPM	g minor	228028287
00309	https://www.youtube.com/watch?v=MA-A5bnWzNQ	C# major	420207616
00310	https://www.youtube.com/watch?v=21hoWeMro6Y	b- minor	282802441
00311	https://www.youtube.com/watch?v=uPD0QOGTmMI	f# minor	615980491
00312	https://www.youtube.com/watch?v=YQHsXMglC9A	A- major
00313	https://www.youtube.com/watch?v=YykjpeuMNEk	c minor	553403995
00314	https://www.youtube.com/watch?v=50VWOBi0VFs	F# major	342378115
00315	https://www.youtube.com/watch?v=Rmp6zIr5y4U	G major	348722908
00316	https://www.youtube.com/watch?v=9Z55sZ2oVY4	F# major	261449653
00317	https://www.youtube.com/watch?v=VdwaWp59qz8	B- major	277387794
00318	https://www.youtube.com/watch?v=iHLmSXJLH8E	C# major	582585226
00319	https://www.youtube.com/watch?v=iGwbJ6Li7p8	G major	564095962
00320	https://www.youtube.com/watch?v=g5qU7p7yOY8	c# minor
00321	https://www.youtube.com/watch?v=SPO3HuLZQPI	E major	583197965
00322	https://www.youtube.com/watch?v=AG-erEMhumc	c# minor
00323	https://www.youtube.com/watch?v=fFt0s7crDfo	F major	308401947
00324	https://www.youtube.com/watch?v=tG7wLK4aAOE	A- major	435709871
00325	https://www.youtube.com/watch?v=Dxm3cHrKcbA	g minor	530066263
00326	https://www.youtube.com/watch?v=k1frgt0D_f4	c minor
00327	https://www.youtube.com/watch?v=Z1IA_75pOgA	B- major	552767558
00328	https://www.youtube.com/watch?v=X9x7JKGa27I	f# minor	528588518
00329	https://www.youtube.com/watch?v=JFm7YDVlqnI	d minor	533762525
00330	https://www.youtube.com/watch?v=NtRFqm_nvWw	a minor	276158707
00331	https://www.youtube.com/watch?v=QP-lC3XOFLA	f# minor	577036728
00332	https://www.youtube.com/watch?v=1TFnXe-Jr-Q	c minor	282227456
00333	https://www.youtube.com/watch?v=dIkSRLdIiJM	g# minor
00334	https://www.youtube.com/watch?v=o6b9JpBFjd4	D major	474460011
00335	https://www.youtube.com/watch?v=dUfok6_9kZQ	g minor
00336	https://www.youtube.com/watch?v=7C2z4GqqS5E	d minor	545884722
00337	https://www.youtube.com/watch?v=89degLrNZM8	D major	526631787
00338	https://www.youtube.com/watch?v=PMivT7MJ41M	C# major	347625079
00339	https://www.youtube.com/watch?v=qYj4l5Xntt0	E major	296857181
00340	https://www.youtube.com/watch?v=7wtfhZwyrcc	b- minor	447118180
00341	https://www.youtube.com/watch?v=RUQl6YcMalg	d minor	570749609
00342	https://www.youtube.com/watch?v=mjen6N9o5nI	C major	462599773
00343	https://www.youtube.com/watch?v=XeKoCLVXKNo	e minor	480163885
00344	https://www.youtube.com/watch?v=entVpj_IT6M	A major	447337518
00345	https://www.youtube.com/watch?v=2fngvQS_PmQ	b- minor	211517800
00346	https://www.youtube.com/watch?v=DRhUIJextp8	d minor
00347	https://www.youtube.com/watch?v=KkiMa8Y9kyc	D major	470976940
00348	https://www.youtube.com/watch?v=I5exsScaHWo	C# major	266441070
00349	https://www.youtube.com/watch?v=euSAgaub3m8	B- major
00350	https://www.youtube.com/watch?v=B5YNiCfWC3A	b minor	265282060
00351	https://www.youtube.com/watch?v=SDSXLkD74KE	b minor	498494886
00352	https://www.youtube.com/watch?v=sTQNJT7OZew	f# minor	508875018
00353	https://www.youtube.com/watch?v=PVjiKRfKpPI	e minor
00354	https://www.youtube.com/watch?v=ldWU-Wp-ZmQ	f# minor	310730393
00355	https://www.youtube.com/watch?v=zDQm70Q9hKI	a minor
00356	https://www.youtube.com/watch?v=GbrSO81KhBY	F major	221486932
00357	https://www.youtube.com/watch?v=HcVv9R1ZR84	f minor	106490845
00358	https://www.youtube.com/watch?v=rYd92fTkg7k	b- minor	492988509
00359	https://www.youtube.com/watch?v=nsDwItoNlLc	A- major	337476217
00360	https://www.youtube.com/watch?v=PVjiKRfKpPI	e minor	422038420
00361	https://www.youtube.com/watch?v=Pi3bc9lS3rg	C# major	415496082
00362	https://www.youtube.com/watch?v=IetcXhv83gQ	F# major	528856213
00363	https://www.youtube.com/watch?v=xpVfcZ0ZcFM	e minor	508112999
00364	https://www.youtube.com/watch?v=gVVhHjyC04k	D major	380886288
00365	https://www.youtube.com/watch?v=p6TcQCtBKjQ	f minor
00366	https://www.youtube.com/watch?v=4NRXx6U8ABQ	E- major	562290147
00367	https://www.youtube.com/watch?v=VpLRofw3bZM	B major	294655441
00368	https://www.youtube.com/watch?v=OSUxrSe5GbI	A major	443002275
00369	https://www.youtube.com/watch?v=oG08ukJPtR8	F major	210401441
00370	https://www.youtube.com/watch?v=EgBJmlPo8Xw	A major
00371	https://www.youtube.com/watch?v=-tn2S3kJlyU	e minor	642881794
00372	https://www.youtube.com/watch?v=uQFVqltOXRg	D major	332694991
00373	https://www.youtube.com/watch?v=ByfFurjQDb0	B- major	480447291
00374	https://www.youtube.com/watch?v=W04b-jzy0xs	E major	443646278
00375	https://www.youtube.com/watch?v=K-a8s8OLBSE	E- major	534197758
00376	https://www.youtube.com/watch?v=KDxJlW6cxRk	g# minor	382790629
00377	https://www.youtube.com/watch?v=gnhXHvRoUd0	C major	237607106
00378	https://www.youtube.com/watch?v=NIWALAgvz2U	B major	514818757
00379	https://www.youtube.com/watch?v=4GumaTtekjo	C# major	513653942
00380	https://www.youtube.com/watch?v=R2YM5zSapNg	d minor	492994334
00381	https://www.youtube.com/watch?v=52nfjRzIaj8	G major	442040537
00382	https://www.youtube.com/watch?v=nivyMTzVNmU	c minor	521110315
00383	https://www.youtube.com/watch?v=KEI4qSrkPAs	a minor	291128976
00384	https://www.youtube.com/watch?v=cii6ruuycQA	A major	567783624
00385	https://www.youtube.com/watch?v=IXTg7owzmYo	G major	246588290
00386	https://www.youtube.com/watch?v=cx580raWnIQ	C major
00387	https://www.youtube.com/watch?v=-E-_IRJU5w0	A- major
00388	https://www.youtube.com/watch?v=TDB3BULhbFk	C major	580607025
00389	https://www.youtube.com/watch?v=ZGDGdRIxvd0	g minor	455370962
00390	https://www.youtube.com/watch?v=qFLhGq0060w	E- major	480390344
00391	https://www.youtube.com/watch?v=CRrf3h9vhp8	E- major	594723550
00392	https://www.youtube.com/watch?v=bbtRKQb4uws	C major	294655417
00393	https://www.youtube.com/watch?v=euCqAq6BRa4	E- major	439219679
00394	https://www.youtube.com/watch?v=IfLqsNRkBIo	e minor	266681745
00395	https://www.youtube.com/watch?v=hzdIoghbFzg	a minor	318352692
00396	https://www.youtube.com/watch?v=PEnJbjBuxnw	F major	550050763
00397	https://www.youtube.com/watch?v=y83x7MgzWOA	F# major	466605318
00398	https://www.youtube.com/watch?v=Mptdcx36qZU	g# minor	299586953
00399	https://www.youtube.com/watch?v=dPhwbZBvW2o	f minor	517574257
00400	https://www.youtube.com/watch?v=H64QG4UsrGI	B- major	355921276
00401	https://www.youtube.com/watch?v=r7qovpFAGrQ	F# major
00402	https://www.youtube.com/watch?v=yYXtLdpty4c	F# major	219750224
00403	https://www.youtube.com/watch?v=5Q_q9cq3B5A	e minor	492988517
00404	https://www.youtube.com/watch?v=wkri1NUq9ro	c# minor
00405	https://www.youtube.com/watch?v=3PdILZ_1P74	g# minor	264025017
00406	https://www.youtube.com/watch?v=ztPC9mVk7hg	a minor	462599765
00407	https://www.youtube.com/watch?v=yEG2VTHS9yg	D major	269785290
00408	https://www.youtube.com/watch?v=ZmDBbnmKpqQ	g minor
00409	https://www.youtube.com/watch?v=Av4lI6ANeHY	C major	524194955
00410	https://www.youtube.com/watch?v=ffxKSjUwKdU	a minor	416523178
00411	https://www.youtube.com/watch?v=rQI5REp1gio	f minor	508618233
00412	https://www.youtube.com/watch?v=h3EJICKwITw	G major	407727443
00413	https://www.youtube.com/watch?v=LZFcE8iPgAw	g minor	530902835
00414	https://www.youtube.com/watch?v=fB63ztKnGvo	c minor	290966045
00415	https://www.youtube.com/watch?v=_vQk9dvmkoE	C# major	233015056
00416	https://www.youtube.com/watch?v=gl1aHhXnN1k	C# major	480559399
00417	https://www.youtube.com/watch?v=5Q_q9cq3B5A	e minor
00418	https://www.youtube.com/watch?v=-V2PxXsctV0	d minor	510409399
00419	https://www.youtube.com/watch?v=gDr7aTfBffU	F major	238194382
00420	https://www.youtube.com/watch?v=HrZyFm7-U80	A major	613800440
00421	https://www.youtube.com/watch?v=Wk1oI-msGRw	e minor	519264221
00422	https://www.youtube.com/watch?v=yjmp8CoZBIo	B major	377398451
00423	https://www.youtube.com/watch?v=MPbUaIZAaeA	d minor	548573607
00424	https://www.youtube.com/watch?v=NgsWGfUlwJI	A- major	616669220
00425	https://www.youtube.com/watch?v=m7Bc3pLyij0	F major	505827282
00426	https://www.youtube.com/watch?v=nUCoYcxNMBE	f# minor	344519318
00427	https://www.youtube.com/watch?v=nThfDPWbuEY	g minor	562497228
00428	https://www.youtube.com/watch?v=eTaC_pPpGL8	f# minor	530205494
00429	https://www.youtube.com/watch?v=gUci-tsiU4I	E- major	537210061
00430	https://www.youtube.com/watch?v=KpuKgTGJEWs	f minor	553581001
00431	https://www.youtube.com/watch?v=sbTVZMJ9Z2I	c# minor	647999969
00432	https://www.youtube.com/watch?v=I-SOaSU0ieA	b- minor	238329053
00433	https://www.youtube.com/watch?v=mzB1VGEGcSU	f# minor	416023799
00434	https://www.youtube.com/watch?v=TfvShMWGbwI	f minor	508846582
00435	https://www.youtube.com/watch?v=F82W3tKtr8c	E major	505439836
00436	https://www.youtube.com/watch?v=gNi_6U5Pm_o	A major
00437	https://www.youtube.com/watch?v=58TBZnvyGwQ	G major	413818820
00438	https://www.youtube.com/watch?v=yP6wQHm0yDs	D major	609260142
00439	https://www.youtube.com/watch?v=il9nqWw9W3Y	f minor	282810589
00440	https://www.youtube.com/watch?v=60ItHLz5WEA	F# major	322118506
00441	https://www.youtube.com/watch?v=FLGCGc7sAUw	E- major	565768319
00442	https://www.youtube.com/watch?v=8BHOBPvEKFc	a minor	458208170
00443	https://www.youtube.com/watch?v=0Suprl56Owg	c minor	346582110
00444	https://www.youtube.com/watch?v=Xqn8yogDO4Q	a minor	585858295
00445	https://www.youtube.com/watch?v=-RJSbO8UZVY	E- major
00446	https://www.youtube.com/watch?v=kTJczUoc26U	b- minor	670144512
00447	https://www.youtube.com/watch?v=7AXo-bYGXI4	C# major	404974502
00448	https://www.youtube.com/watch?v=G2B5AvMmvH4	b minor	366552341
00449	https://www.youtube.com/watch?v=DK_0jXPuIr0	C# major	550814618
00450	https://www.youtube.com/watch?v=ZL6L7BH-43Y	D major	515024067
00451	https://www.youtube.com/watch?v=Jvcv8trEuao	A- major	531256910
00452	https://www.youtube.com/watch?v=2zToEPpFEN8	f minor	508774701
00453	https://www.youtube.com/watch?v=LqCqYP7hDWI	C# major	380456345
00454	https://www.youtube.com/watch?v=4VaqA-5aQTM	B- major	609260320
00455	https://www.youtube.com/watch?v=p0MV4JjkXpQ	C# major	264857396
00456	https://www.youtube.com/watch?v=nRJnZsB52Es	e- minor	340889752
00457	https://www.youtube.com/watch?v=uWRlisQu4fo	C major
00458	https://www.youtube.com/watch?v=vhSUh7tx9J4	f minor
00459	https://www.youtube.com/watch?v=O5wlxT9ygtY	F major	402735177
00460	https://www.youtube.com/watch?v=PgVSbU4Eqk0	g minor	535126407
00461	https://www.youtube.com/watch?v=A8BB-4mWNS0	c# minor	220718832
00462	https://www.youtube.com/watch?v=H5v3kku4y6Q	A major
00463	https://www.youtube.com/watch?v=wkri1NUq9ro	c# minor
00464	https://www.youtube.com/watch?v=0EVVKs6DQLo	b- minor	565389382
00465	https://www.youtube.com/watch?v=HAfFfqiYLp0	b- minor	206510383
00466	https://www.youtube.com/watch?v=fzeWc3zh01g	a minor	578672352
00467	https://www.youtube.com/watch?v=DkZZVPVG_Xk	A- major	328010394
00468	https://www.youtube.com/watch?v=lX6g_cm2rM4	f minor
00469	https://www.youtube.com/watch?v=NyUSxDVZZ7Y	D major	262046420
00470	https://www.youtube.com/watch?v=_XA9H7Txw3Y	B major	344381899
00471	https://www.youtube.com/watch?v=aQIEnyurC4c	g minor	434202094
00472	https://www.youtube.com/watch?v=vPp5Ty9EE6k	f# minor	430105391
00473	https://www.youtube.com/watch?v=PfGaX8G0f2E	a minor	324267358
00474	https://www.youtube.com/watch?v=3ZirF_diR2g	D major	502038749
00475	https://www.youtube.com/watch?v=09R8_2nJtjg	b- minor
00476	https://www.youtube.com/watch?v=fKopy74weus	F major	549170447
00477	https://www.youtube.com/watch?v=RBumgq5yVrA	G major	479850116
00478	https://www.youtube.com/watch?v=U4WPjBZy-7s	C major
00479	https://www.youtube.com/watch?v=BjLBB-TMa84	b minor	292460513
00480	https://www.youtube.com/watch?v=FxnFJG6CW20	C major	268323691
00481	https://www.youtube.com/watch?v=gBRi6aZJGj4	e minor	400435818
00482	https://www.youtube.com/watch?v=hTqc5p4KQVc	A major	436346159
00483	https://www.youtube.com/watch?v=6bAPlojfgO0	D major	266317276
00484	https://www.youtube.com/watch?v=aNzCDt2eidg	E major	237299637
00485	https://www.youtube.com/watch?v=3i2FOyu5rDI	C# major	583219962
00486	https://www.youtube.com/watch?v=2fDzCWNS3ig	f minor
00487	https://www.youtube.com/watch?v=DPxL7dO5XPc	D major	416929748
00488	https://www.youtube.com/watch?v=YbYJKGWrG7U	G major	523749158
00489	https://www.youtube.com/watch?v=rnEqv8WcVq8	F major	337281172
00490	https://www.youtube.com/watch?v=SQYOL9qU6TY	a minor	434786549
00491	https://www.youtube.com/watch?v=zVc-K1kKkVk	b- minor	358775259
00492	https://www.youtube.com/watch?v=e6FFsY-9MZo	e minor
00493	https://www.youtube.com/watch?v=R98nW-TfTIk	g minor	505705765
00494	https://www.youtube.com/watch?v=X46t8ZFqUB4	a minor	259741801
00495	https://www.youtube.com/watch?v=2lSyHZLzNYA	B major
00496	https://www.youtube.com/watch?v=tfrWuiQ4QNc	e- minor	346582159
00497	https://www.youtube.com/watch?v=ox7RsX1Ee34	F major	349198066
00498	https://www.youtube.com/watch?v=Cqaj4HD8aTc	B- major
00499	https://www.youtube.com/watch?v=7MWUQv8D-6E	E- major
00500	https://www.youtube.com/watch?v=nJSdYlAFKqA	C major	241497754
00501	https://www.youtube.com/watch?v=sUJkCXE4sAA	F major	433086701
00502	https://www.youtube.com/watch?v=SfvprBOgt2Y	C# major	508618243
00503	https://www.youtube.com/watch?v=wp43OdtAAkM	E- major	225928985
00504	https://www.youtube.com/watch?v=3beLZhXgRnY	b minor	548132470
00505	https://www.youtube.com/watch?v=UYwF-jdcVjY	B- major	458849200
00506	https://www.youtube.com/watch?v=ztPC9mVk7hg	a minor
00507	https://www.youtube.com/watch?v=AJtDXIazrMo	A- major	224735062
00508	https://www.youtube.com/watch?v=Pkh8UtuejGw	a minor	498805561
00509	https://www.youtube.com/watch?v=yzTuBuRdAyA	f minor	313025629
00510	https://www.youtube.com/watch?v=UNK784CaoxA	B- major
00511	https://www.youtube.com/watch?v=yKNxeF4KMsY	B major	292236775
00512	https://www.youtube.com/watch?v=MkElfR_NPBI	E major	478408825
00513	https://www.youtube.com/watch?v=Xa0Swz3X1cQ	A major	549079393
00514	https://www.youtube.com/watch?v=VAerYplzZUE	E- major	309369228
00515	https://www.youtube.com/watch?v=58hjOsx1Sc8	D major	535426046
00516	https://www.youtube.com/watch?v=vlvij1SpFPQ	g# minor	279188842
00517	https://www.youtube.com/watch?v=mM8ostx0Ub8	C# major	661988091
00518	https://www.youtube.com/watch?v=cMD63TwzB1o	B major	371851260
00519	https://www.youtube.com/watch?v=wXhTHyIgQ_U	C major	512827127
00520	https://www.youtube.com/watch?v=hKgl5-lkT8U	G major	455250302
00521	https://www.youtube.com/watch?v=_ZDLaRzwGiQ	b- minor	583860090
00522	https://www.youtube.com/watch?v=9NZvM1918_E	b- minor	498948155
00523	https://www.youtube.com/watch?v=-YzKked3tAM	E- major	343725590
00524	https://www.youtube.com/watch?v=wfN4PVaOU5Q	E- major	447145060
00525	https://www.youtube.com/watch?v=F0xdQ8ES9fc	E major	412854098
00526	https://www.youtube.com/watch?v=U3ASj1L6_sY	F major	617611943
00527	https://www.youtube.com/watch?v=ZFoR2hradC0	c# minor
00528	https://www.youtube.com/watch?v=4c-WctUtAes	D major	460479842
00529	https://www.youtube.com/watch?v=LlY90lG_Fuw	c# minor	336051958
00530	https://www.youtube.com/watch?v=Sgp0WDMH88g	g minor	379394440
00531	https://www.youtube.com/watch?v=bGCZL801OfQ	c# minor	280488304
00532	https://www.youtube.com/watch?v=8SeRU_ZPDkE	g minor	297398964
00533	https://www.youtube.com/watch?v=J-OqF9qagNk	B- major	241992621
00534	https://www.youtube.com/watch?v=Ew8jKnliFZg	F major	549605444
00535	https://www.youtube.com/watch?v=OSRog9lqHhY	B major	434855675
00536	https://www.youtube.com/watch?v=6p6PcFFUm5I	g minor	225044964
00537	https://www.youtube.com/watch?v=QADd1SdqloI	c# minor
00538	https://www.youtube.com/watch?v=M4ZoCHID9GI	g# minor	421966160
00539	https://www.youtube.com/watch?v=O87lzhoexyA	f minor
00540	https://www.youtube.com/watch?v=cnGW8NR-toE	G major	345244577
00541	https://www.youtube.com/watch?v=-y11kJzwe4Y	B major
00542	https://www.youtube.com/watch?v=d56t8hwHTFE	f minor	508618239
00543	https://www.youtube.com/watch?v=fLFvbwrWLQY	E- major	542630012
00544	https://www.youtube.com/watch?v=yG02PvNpC98	B major
00545	https://www.youtube.com/watch?v=Ahha3Cqe_fk	E major
00546	https://www.youtube.com/watch?v=cGkUpjyL7y8	c minor	434418009
00547	https://www.youtube.com/watch?v=tcYodQoapMg	d minor	541712669
00548	https://www.youtube.com/watch?v=GY7aKY0ZCfs	d minor
00549	https://www.youtube.com/watch?v=zNl00mOSnJI	c# minor	502694505
00550	https://www.youtube.com/watch?v=hefh9dFnChY	E major	250253131
00551	https://www.youtube.com/watch?v=pbMwTqkKSps	A major	462599769
00552	https://www.youtube.com/watch?v=xUq1rZ7mmns	b minor	516308654
00553	https://www.youtube.com/watch?v=i4D3bVBB294	D major	298370667
00554	https://www.youtube.com/watch?v=wxYmqSL7vho	F major	294655423
00555	https://www.youtube.com/watch?v=bu-9K94Dt0E	G major
00556	https://www.youtube.com/watch?v=_tileyCRZlA	b minor	527431273
00557	https://www.youtube.com/watch?v=kt0g4dWxEBo	D major	322688735
00558	https://www.youtube.com/watch?v=2fDzCWNS3ig	c minor	599367944
00559	https://www.youtube.com/watch?v=8oaW16lGNxE	c minor	531831819
00560	https://www.youtube.com/watch?v=V1Pl8CzNzCw	e minor	422537816
00561	https://www.youtube.com/watch?v=zKmWd8DPrEc	F major	480651189
00562	https://www.youtube.com/watch?v=J3UXp9jIr-U	E- major	504069368
00563	https://www.youtube.com/watch?v=xYtsL9znopI	e- minor	427983144
00564	https://www.youtube.com/watch?v=Sw5fNI400E4	f minor	498804755
00565	https://www.youtube.com/watch?v=V4VA4XAskn4	C major	57378961
00566	https://www.youtube.com/watch?v=NalipNz4e3g	E major	368337360
00567	https://www.youtube.com/watch?v=6LBu92R_1t0	F major	677639095
00568	https://www.youtube.com/watch?v=FRjOSmc01-M	C major	413526931
00569	https://www.youtube.com/watch?v=asYfhMHAgqs	F# major	526359766
00570	https://www.youtube.com/watch?v=YS0h2-hy9rw	a minor	470811611
00571	https://www.youtube.com/watch?v=WY85QiFbfdY	c minor	260892744
00572	https://www.youtube.com/watch?v=aAEQt7wq44w	a minor	280585162
00573	https://www.youtube.com/watch?v=pok8H_KF1FA	D major	519992348
00574	https://www.youtube.com/watch?v=CuI0WJwcvdU	G major	525655487
00575	https://www.youtube.com/watch?v=kHLHSlExFis	e- minor	445912800
00576	https://www.youtube.com/watch?v=7UWBYJjuIL0	F major	508846571
00577	https://www.youtube.com/watch?v=zSqc0VSK8kU	a minor	329439785
00578	https://www.youtube.com/watch?v=ppvEHnTquPY	A major	316879187
00579	https://www.youtube.com/watch?v=yRG3MBdKAiA	F major	524336933
00580	https://www.youtube.com/watch?v=HL1UzIK-flA	g# minor	431312144
00581	https://www.youtube.com/watch?v=7xzU9Qqdqww	a minor	291211712
00582	https://www.youtube.com/watch?v=zlJDTxahav0	E major	504674484
00583	https://www.youtube.com/watch?v=AA4WnMjV564	C major	353576351
00584	https://www.youtube.com/watch?v=HuuymqLnbVw	A major	562577178
00585	https://www.youtube.com/watch?v=LmApDbvNCXg	F major	545884723
00586	https://www.youtube.com/watch?v=r7qovpFAGrQ	c# minor	498919577
00587	https://www.youtube.com/watch?v=JCT_lgJ5eq8	C# major	525315877
00588	https://www.youtube.com/watch?v=v97FPN2US2o	G major	512547162
00589	https://www.youtube.com/watch?v=HjmBLCbTgDo	G major	405854371
00590	https://www.youtube.com/watch?v=a4IZxku8N7w	A major	260626311
00591	https://www.youtube.com/watch?v=CkbVu39hTT0	A- major	549899870
00592	https://www.youtube.com/watch?v=MCdjXaNL1sQ	f# minor	224184540
00593	https://www.youtube.com/watch?v=49NSg9zaCXg	G major	339528268
00594	https://www.youtube.com/watch?v=O2MNdFKUDVg	b minor	278760455
00595	https://www.youtube.com/watch?v=P9rFeGAdX0A	D major	328050217
00596	https://www.youtube.com/watch?v=SRFjAKr2tgA	b minor	518246821
00597	https://www.youtube.com/watch?v=KGTP7ffrapQ	c# minor	512722635
00598	https://www.youtube.com/watch?v=XrL9TsGVyxs	f# minor	299698053
00599	https://www.youtube.com/watch?v=THeLVhU53ow	e- minor	316024450
00600	https://www.youtube.com/watch?v=SHc8MxKMcnI	B- major
00601	https://www.youtube.com/watch?v=Vu0nRz_bQ0Y	e minor	512598435
00602	https://www.youtube.com/watch?v=R2zXxQHBpd8	g minor	376747465
00603	https://www.youtube.com/watch?v=g5qU7p7yOY8	c# minor	238368001
00604	https://www.youtube.com/watch?v=C5i-UnuUKUI	C major
00605	https://www.youtube.com/watch?v=koCU43SpQVQ	F major	535424931
00606	https://www.youtube.com/watch?v=LlY90lG_Fuw	c# minor
00607	https://www.youtube.com/watch?v=qUD2GxTeVcI	B major	515273352
00608	https://www.youtube.com/watch?v=8E63J9eINIE	B- major
00609	https://www.youtube.com/watch?v=tfSS1e3kYeo	g minor	511975690
00610	https://www.youtube.com/watch?v=978iHuFKfS4	A major	584693451
00611	https://www.youtube.com/watch?v=7vqqPkDsLNA	C major	480592008
00612	https://www.youtube.com/watch?v=IPKAwJKGSDc	B- major	209759223
00613	https://www.youtube.com/watch?v=ig-78RVSLVs	E major	549868968
00614	https://www.youtube.com/watch?v=WFz1gCZSmdE	E major
00615	https://www.youtube.com/watch?v=LZzFjlPrS-M	B- major	482838966
00616	https://www.youtube.com/watch?v=aDeNQNtW1f8	A- major	460518052
00617	https://www.youtube.com/watch?v=YkLjqFpBh84	D major
00618	https://www.youtube.com/watch?v=VEnWT_Zwisg	B- major	463984062
00619	https://www.youtube.com/watch?v=3AszPTJXIgM	D major	597545378
00620	https://www.youtube.com/watch?v=OapxMsZHNkw	F# major	548044956
00621	https://www.youtube.com/watch?v=TeccAtqd5K8	F# major	271062460
00622	https://www.youtube.com/watch?v=K0ibBPhiaG0	D major	352814569
00623	https://www.youtube.com/watch?v=axC-GIXF2zw	b minor
00624	https://www.youtube.com/watch?v=iSgUMPHQEWw	A major	438732419
00625	https://www.youtube.com/watch?v=omGrk9CdjfQ	F major	534508176
00626	https://www.youtube.com/watch?v=H3WpBvqzRWk	g minor	674434095
00627	https://www.youtube.com/watch?v=O1OTWCd40bc	b minor	446856558
00628	https://www.youtube.com/watch?v=MKZgarcjAtk	A major	496877712
00629	https://www.youtube.com/watch?v=blJKoXWlqJk	C major
00630	https://www.youtube.com/watch?v=zvCBSSwgtg4	C major	333489542
00631	https://www.youtube.com/watch?v=V6iKSUoUN48	G major
00632	https://www.youtube.com/watch?v=ds7IsdDI3Uc	B- major	413103907
00633	https://www.youtube.com/watch?v=Q1fGOG3XXIQ	B- major
00634	https://www.youtube.com/watch?v=0Rj3Sb8_euY	F# major	529685167
00635	https://www.youtube.com/watch?v=DyDfgMOUjCI	g minor	673376560
00636	https://www.youtube.com/watch?v=H5v3kku4y6Q	A major	609260140
00637	https://www.youtube.com/watch?v=7JPBOV1k_WM	d minor	615666513
00638	https://www.youtube.com/watch?v=xCKxfxvJ9YE	e- minor	380941043
00639	https://www.youtube.com/watch?v=94Rq2TX0wj4	a minor	235887452
00640	https://www.youtube.com/watch?v=mj0XInqZMHY	E- major	297437053
00641	https://www.youtube.com/watch?v=UGB_Bsm5Unk	g minor	512547198
00642	https://www.youtube.com/watch?v=DoE_le4Te9U	E- major	512700351
00643	https://www.youtube.com/watch?v=2qzcHLyv3N0	C major	590127177
00644	https://www.youtube.com/watch?v=UNZqm3dxd2w	b- minor
00645	https://www.youtube.com/watch?v=PqIclQ042GU	A major	499065199
00646	https://www.youtube.com/watch?v=kN0iD0pI3o0	A- major	459120591
00647	https://www.youtube.com/watch?v=Bv-1BnoB75k	g minor	512548943
00648	https://www.youtube.com/watch?v=2avPJ9TZNmU	A major	532846614
00649	https://www.youtube.com/watch?v=VZQ_9eebry0	B- major	269040482
00650	https://www.youtube.com/watch?v=1XzY2ij_vL4	B- major	498919610
00651	https://www.youtube.com/watch?v=mjen6N9o5nI	a minor
00652	https://www.youtube.com/watch?v=uLIvpzsZhi0	b- minor	647972325
00653	https://www.youtube.com/watch?v=WARyaiuDoZo	f minor	676761683
00654	https://www.youtube.com/watch?v=0HcC0oQxNhc	A- major	509709017
00655	https://www.youtube.com/watch?v=K3Qzzggn--s	c minor	439373489
00656	https://www.youtube.com/watch?v=MCRiUi28UpA	C# major	508355433
00657	https://www.youtube.com/watch?v=E07s5ZYygMg	d minor	502038746
00658	https://www.youtube.com/watch?v=IpPjI2C3QmI	e minor	332408488
00659	https://www.youtube.com/watch?v=DyDfgMOUjCI	g minor
00660	https://www.youtube.com/watch?v=row0Jp0wlOE	A major	229442585
00661	https://www.youtube.com/watch?v=U3BVFY9wnTw	A major	570401626
00662	https://www.youtube.com/watch?v=j3CaHeakZF4	E- major	635454449
00663	https://www.youtube.com/watch?v=byr7jAcMo3s	b- minor	514756458
00664	https://www.youtube.com/watch?v=LsoLEjrDogU	A- major	402018747
00665	https://www.youtube.com/watch?v=tM7ck2aWb9A	c minor	535424928
00666	https://www.youtube.com/watch?v=2ooqvmVSsEc	e minor	458208170
00667	https://www.youtube.com/watch?v=TP9luRtEqjc	F# major	243809642
00668	https://www.youtube.com/watch?v=p8QH3ZJjgUw	C major	294200644
00669	https://www.youtube.com/watch?v=0mcsPfyWphU	e minor	260820740
00670	https://www.youtube.com/watch?v=i7MwzRBEY_M	c minor	265303956
00671	https://www.youtube.com/watch?v=x-2YqgIxoF8	G major	485527315
00672	https://www.youtube.com/watch?v=hijkugm2BtM	A major
00673	https://www.youtube.com/watch?v=waU75jdUnYw	g minor	347251279
00674	https://www.youtube.com/watch?v=7DEe-5PFvJE	b minor	433332138
00675	https://www.youtube.com/watch?v=q0hyYWKXF0Q	f# minor
00676	https://www.youtube.com/watch?v=zfHbuTG8IHE	E major	446179764
00677	https://www.youtube.com/watch?v=GsPq9mzFNGY	C# major	226600796
00678	https://www.youtube.com/watch?v=_r-nPqWGG6c	b minor	469300548
00679	https://www.youtube.com/watch?v=tQ0yjYUFKAE	C major
00680	https://www.youtube.com/watch?v=-KPnyf8vwXI	F major	315642568
00681	https://www.youtube.com/watch?v=nYCURBSSyXw	e minor	263013052
00682	https://www.youtube.com/watch?v=BubtwlAXfMw	C major	347251289
00684	https://www.youtube.com/watch?v=89degLrNZM8	b minor
00685	https://www.youtube.com/watch?v=au2n7VVGv_c	E- major	407714277
00686	https://www.youtube.com/watch?v=JC2yu2a9sHk	c# minor
00687	https://www.youtube.com/watch?v=WgUAvzP-qmQ	c# minor	210501327
00688	https://www.youtube.com/watch?v=V-kT1oGCRCE	B- major	455399096
00689	https://www.youtube.com/watch?v=JGwWNGJdvx8	f# minor	441183453
00690	https://www.youtube.com/watch?v=DUdGbVKLJ0U	F# major
00691	https://www.youtube.com/watch?v=CTFtOOh47oo	g# minor	366261849
00692	https://www.youtube.com/watch?v=g5T2tu3Yky4	f# minor	603144797
00693	https://www.youtube.com/watch?v=uWRlisQu4fo	C major	413579113
00694	https://www.youtube.com/watch?v=_ub6zBrbbdw	A major	142001810
00695	https://www.youtube.com/watch?v=-FyjEnoIgTM	D major	452956083
00696	https://www.youtube.com/watch?v=rnMIb0GfFUg	e minor
00697	https://www.youtube.com/watch?v=JBFfclLlc6o	c# minor	462599766
00698	https://www.youtube.com/watch?v=ePao0cTGG-o	E major	515057039
00699	https://www.youtube.com/watch?v=oyliZ8AoPq0	g minor	582585229
00700	https://www.youtube.com/watch?v=SLsTskih7_I	G major	436369477
00701	https://www.youtube.com/watch?v=gIOyB9ZXn8s	A- major
00702	https://www.youtube.com/watch?v=cx580raWnIQ	C major	449101152
00703	https://www.youtube.com/watch?v=QDYDRA5JPLE	E major	582585201
00704	https://www.youtube.com/watch?v=xlkFTxnizyk	f# minor	290712580
00705	https://www.youtube.com/watch?v=axC-GIXF2zw	D major	540861757
00706	https://www.youtube.com/watch?v=tqw4LCOdD04	F major	267336360
00707	https://www.youtube.com/watch?v=w5ZLlPZbbf4	a minor	214992848
00708	https://www.youtube.com/watch?v=kx1gTqzcqgA	e- minor	335874350
00709	https://www.youtube.com/watch?v=JBkqwmKQspA	e- minor
00710	https://www.youtube.com/watch?v=XYYLS2MnqnA	c minor	294655445
00711	https://www.youtube.com/watch?v=YWN81V7ojOE	A- major
00712	https://www.youtube.com/watch?v=s7jX3p3rdm4	E major	265162409
00713	https://www.youtube.com/watch?v=nfs8NYg7yQM	e- minor	378876687
00714	https://www.youtube.com/watch?v=J_ub7Etch2U	F major	442131586
00715	https://www.youtube.com/watch?v=-PZsSWwc9xA	g# minor
00716	https://www.youtube.com/watch?v=4NRXx6U8ABQ	E- major
00717	https://www.youtube.com/watch?v=i0y7zCaDlzg	a minor	411357306
00718	https://www.youtube.com/watch?v=dqRZDebPIGs	c minor
00719	https://www.youtube.com/watch?v=EhSXsTSNDyo	C major	422771328
00720	https://www.youtube.com/watch?v=xcLWvuRgTCE	b minor	541042532
00721	https://www.youtube.com/watch?v=dn5rSbHGsHY	e- minor	492988521
00722	https://www.youtube.com/watch?v=qhdXzabLGJA	b- minor	434912289
00723	https://www.youtube.com/watch?v=njwXRJDNpbQ	f# minor	480073022
00724	https://www.youtube.com/watch?v=E-e7U_JqWco	F major
00725	https://www.youtube.com/watch?v=jbt4O-0G1fE	C# major	243193286
00726	https://www.youtube.com/watch?v=olGSAVOkkTI	E major
00727	https://www.youtube.com/watch?v=r2LpOUwca94	e- minor	321367151
00728	https://www.youtube.com/watch?v=g_uoH6hJilc	D major	481153251
00729	https://www.youtube.com/watch?v=q6IW2aul43A	e- minor	492986926
00730	https://www.youtube.com/watch?v=9FoM9JHXCWQ	F# major	434840995
00731	https://www.youtube.com/watch?v=k73EBmeJ950	C major	442612677
00732	https://www.youtube.com/watch?v=NtjrFw4i2Qo	d minor	218715999
00733	https://www.youtube.com/watch?v=4IahvCIqeOc	d minor	524293881
00734	https://www.youtube.com/watch?v=uxpDa-c-4Mc	F major	309535396
00735	https://www.youtube.com/watch?v=sRJ4RywOPvA	F major	336054964
00736	https://www.youtube.com/watch?v=or0QNq4w2UA	a minor
00737	https://www.youtube.com/watch?v=U_90XNCBatY	a minor	596339068
00738	https://www.youtube.com/watch?v=CrznwpD-2tk	E- major	501243827
00739	https://www.youtube.com/watch?v=5EPJZbn6ci4	D major	345244580
00740	https://www.youtube.com/watch?v=26mWu8cy0o0	e minor	502489697
00741	https://www.youtube.com/watch?v=nBtDsQ4fhXY	A major	447031164
00742	https://www.youtube.com/watch?v=LYgHiwTxe94	E major
00743	https://www.youtube.com/watch?v=K09_5IsgGe8	e minor
00744	https://www.youtube.com/watch?v=JRWox-i6aAk	B- major	495016928
00745	https://www.youtube.com/watch?v=BULXVYHWPsU	E major	511610468
00746	https://www.youtube.com/watch?v=A7Ztz_66zrM	c minor	305548013
00747	https://www.youtube.com/watch?v=arCoXdUC3wI	A major
00748	https://www.youtube.com/watch?v=1ItKYQw207U	F# major	460379642
00749	https://www.youtube.com/watch?v=LoTv4f_1sww	F major
00750	https://www.youtube.com/watch?v=HDGSlfXsRiw	e- minor	209571475
00751	https://www.youtube.com/watch?v=6bOL92_H480	e minor	341750229
00752	https://www.youtube.com/watch?v=xPGREQvK-dQ	b- minor	480960393
00753	https://www.youtube.com/watch?v=ZmDBbnmKpqQ	B- major	549956985
00754	https://www.youtube.com/watch?v=nWt5PH_mT7M	g minor	516434032
00755	https://www.youtube.com/watch?v=E7sP6t1QyrI	g minor	502370853
00756	https://www.youtube.com/watch?v=viimfQi_pUw	C major	335187508
00757	https://www.youtube.com/watch?v=5GL9JoH4Sws	f minor	335034827
00758	https://www.youtube.com/watch?v=m8rM7Tox1HE	E major
00759	https://www.youtube.com/watch?v=pE49WK-oNjU	A- major	517395656
00760	https://www.youtube.com/watch?v=aP_-P_BS6KY	B- major	200701107
00761	https://www.youtube.com/watch?v=Mc5V51_kpw4	B- major
00762	https://www.youtube.com/watch?v=UdVFQGmbaU0	G major
00763	https://www.youtube.com/watch?v=im9UzhOxVlI	g minor	143438334
00764	https://www.youtube.com/watch?v=lNBSdFw0t_w	A major	512862999
00765	https://www.youtube.com/watch?v=ReoSr-MLrBg	C major	299280018
00766	https://www.youtube.com/watch?v=Jsvy2zjDZGI	c minor	609260162
00767	https://www.youtube.com/watch?v=Y-lI_tgQMMk	F# major	446958722
00768	https://www.youtube.com/watch?v=3O2qp-uKWlI	b minor	201642733
00769	https://www.youtube.com/watch?v=4THFRpw68oQ	c# minor	506351540
00770	https://www.youtube.com/watch?v=AG-erEMhumc	E major	577554498
00771	https://www.youtube.com/watch?v=B6_iQvaIjXw	F major	563738660
00772	https://www.youtube.com/watch?v=v8hSN5cuUc8	f minor	279232785
00773	https://www.youtube.com/watch?v=BLEVRNV4CVQ	C major	458109757
00774	https://www.youtube.com/watch?v=1seDBXvGYcc	F major	313340439
00775	https://www.youtube.com/watch?v=vC8qJfVYxZY	d minor	552225451
00776	https://www.youtube.com/watch?v=up-2o-yAADc	B major	266636956
00777	https://www.youtube.com/watch?v=NSNcGYkp8v8	G major
00778	https://www.youtube.com/watch?v=bnVUHWCynig	D major	205058883
00779	https://www.youtube.com/watch?v=7mVWYCZiUZY	b minor
00780	https://www.youtube.com/watch?v=goqqohUitmw	F major
00781	https://www.youtube.com/watch?v=olGSAVOkkTI	E major	504313423
00782	https://www.youtube.com/watch?v=by3yRdlQvzs	c# minor	356209160
00783	https://www.youtube.com/watch?v=SzE3kNUWA9s	g# minor	344059102
00784	https://www.youtube.com/watch?v=D5qUpJo_Gac	E- major	499516133
00785	https://www.youtube.com/watch?v=9vMLTcftlyI	c minor	546267518
00786	https://www.youtube.com/watch?v=avFq9errZCk	C major	647850358
00787	https://www.youtube.com/watch?v=16YnOUnbE6s	A major	508884828
00788	https://www.youtube.com/watch?v=xMueNgzkK-k	A major	510950109
00789	https://www.youtube.com/watch?v=9SRxBTtspYM	e- minor	498381125
00790	https://www.youtube.com/watch?v=Zte1KtYNx6Y	d minor	527586893
00791	https://www.youtube.com/watch?v=TXYuufSXIT8	e minor	529685171
00792	https://www.youtube.com/watch?v=rLrtEyisDMU	g minor	480722687
00793	https://www.youtube.com/watch?v=bcvsE4C1JnU	c minor	504819533
00794	https://www.youtube.com/watch?v=HUHC9tYz8ik	g minor	332192490
00795	https://www.youtube.com/watch?v=_Mp41v2XH94	e minor	364620032
00796	https://www.youtube.com/watch?v=ovqi4hVGwts	E- major	385388145
00797	https://www.youtube.com/watch?v=0y8AEEyS20Q	d minor	546271779
00798	https://www.youtube.com/watch?v=PEBS2jbZce4	E- major	442883367
00799	https://www.youtube.com/watch?v=gOsM-DYAEhY	C# major	382245610
00800	https://www.youtube.com/watch?v=qL7zrWcv6XY	b- minor	372290094
00801	https://www.youtube.com/watch?v=9ln6Px90aqo	f# minor	524833154
00802	https://www.youtube.com/watch?v=DDWKuo3gXMQ	E- major
00803	https://www.youtube.com/watch?v=rJABBmAMXnY	F major	210497609
00804	https://www.youtube.com/watch?v=WibQR0tQ0P8	G major
00805	https://www.youtube.com/watch?v=t6v2P0ZQD2c	a minor	509734998
00806	https://www.youtube.com/watch?v=-BjZmE2gtdo	G major	487208312
00807	https://www.youtube.com/watch?v=FHCYHldJi_g	C major	511837707
00808	https://www.youtube.com/watch?v=9Sc-ir2UwGU	D major
00809	https://www.youtube.com/watch?v=R4VJyfCcOJc	A- major	346733544
00810	https://www.youtube.com/watch?v=PGw3_8GONdc	f minor
00811	https://www.youtube.com/watch?v=1lbKUiZv1fI	D major	447041729
00812	https://www.youtube.com/watch?v=UyKgYMQ-AlQ	b minor	509760953
00813	https://www.youtube.com/watch?v=dLxja_YEUVw	a minor	461841913
00814	https://www.youtube.com/watch?v=2Vv-BfVoq4g	A- major	615344257
00815	https://www.youtube.com/watch?v=QYh6mYIJG2Y	c# minor	552427299
00816	https://www.youtube.com/watch?v=ZeNNOHr43rM	G major
00817	https://www.youtube.com/watch?v=6366dxFf-Os	b minor	228028287
00818	https://www.youtube.com/watch?v=C5i-UnuUKUI	C major	530066254
00819	https://www.youtube.com/watch?v=Lqc6jOIjMC4	c minor	221960581
00820	https://www.youtube.com/watch?v=QQ7XJG0Z2ho	c# minor	294715470
00821	https://www.youtube.com/watch?v=7pJLVPpdjlM	F major	428831142
00822	https://www.youtube.com/watch?v=b5kO8guseO4	F major	535426028
00823	https://www.youtube.com/watch?v=U3RjdVmny6A	E major
00824	https://www.youtube.com/watch?v=-cfNldzgYCQ	c minor	200638663
00825	https://www.youtube.com/watch?v=9xVo92yWNHM	E- major	299661850
00826	https://www.youtube.com/watch?v=T6ciHwha4fs	a minor	634609070
00827	https://www.youtube.com/watch?v=j0DvjgagJko	g# minor	346110085
00828	https://www.youtube.com/watch?v=TrVLu9p65a0	G major	276037452
00829	https://www.youtube.com/watch?v=oABEGc8Dus0	C# major	479811492
00830	https://www.youtube.com/watch?v=wqcqj62NcZg	f minor
00831	https://www.youtube.com/watch?v=ITYcrUDsUx4	b minor	515737991
00832	https://www.youtube.com/watch?v=tQ0yjYUFKAE	a minor	579532636
00833	https://www.youtube.com/watch?v=2c4dB52ehAE	B- major	457285101
00834	https://www.youtube.com/watch?v=S9UqTphCLGo	E- major	513935669
00835	https://www.youtube.com/watch?v=R6u5j-rIVSw	c# minor
00836	https://www.youtube.com/watch?v=3faMy5H5Kks	D major	504494799
00837	https://www.youtube.com/watch?v=Q8hEHoPncwI	C# major	508262581
00838	https://www.youtube.com/watch?v=uFdWhalhP5Y	G major	227444013
00839	https://www.youtube.com/watch?v=iAeYPfrXwk4	c minor
00840	https://www.youtube.com/watch?v=0eqaUV1gk5w	b- minor	266636950
00841	https://www.youtube.com/watch?v=yy14iKGJbr0	f# minor	344928485
00842	https://www.youtube.com/watch?v=fTbYpSIF22s	F major	491675116
00843	https://www.youtube.com/watch?v=kDSkddd7Y_0	g# minor
00844	https://www.youtube.com/watch?v=YLRlbHp_kOc	C major	615260750
00845	https://www.youtube.com/watch?v=4jBDnYE1WjI	B- major
00846	https://www.youtube.com/watch?v=Dst9gZkq1a8	a minor	329180872
00847	https://www.youtube.com/watch?v=BDocp-VpCwY	E- major	444195972
00848	https://www.youtube.com/watch?v=bHFc5ZfEdBQ	f# minor	231321329
00849	https://www.youtube.com/watch?v=P-48nNWtW6Y	g# minor	583860080
00850	https://www.youtube.com/watch?v=0ggg_iCrE6I	D major	499414494
00851	https://www.youtube.com/watch?v=74NhLkjIeMs	D major	614841897
00852	https://www.youtube.com/watch?v=Q0kuJ3lPnPY	A major	440164430
00853	https://www.youtube.com/watch?v=7pJLVPpdjlM	c# minor
00854	https://www.youtube.com/watch?v=HibDj27DHMI	d minor	248886483
00855	https://www.youtube.com/watch?v=fkPFcnDmH-Q	b minor	504696210
00856	https://www.youtube.com/watch?v=5c_rUBH52C4	a minor	559853384
00857	https://www.youtube.com/watch?v=1iz3zDhylT0	B- major	417871519
00858	https://www.youtube.com/watch?v=cLyUcAUMmMY	C major	311851480
00859	https://www.youtube.com/watch?v=cE6wxDqdOV0	A major	304663921
00860	https://www.youtube.com/watch?v=0I647GU3Jsc	d minor	480587142
00861	https://www.youtube.com/watch?v=o6OhH3KrXyE	E major
00862	https://www.youtube.com/watch?v=fHeQemJJQII	E major	542279119
00863	https://www.youtube.com/watch?v=Ph54wQG8ynk	C major	408867526
00864	https://www.youtube.com/watch?v=mKtVHStkB5c	a minor	431400837
00865	https://www.youtube.com/watch?v=Txlk7PiHaGk	D major
00866	https://www.youtube.com/watch?v=_h82Y-9GMJ8	f minor	207308808
00867	https://www.youtube.com/watch?v=xqtUuHFAtzg	C# major	329660329
00868	https://www.youtube.com/watch?v=ZUSI4n_74LA	F major	460379638
00869	https://www.youtube.com/watch?v=d4_6N-k5VS4	e- minor	254870238
00870	https://www.youtube.com/watch?v=UVHk4dc7yaE	A major
00871	https://www.youtube.com/watch?v=Yt_myLDSdsY	b minor	293105730
00872	https://www.youtube.com/watch?v=c5XlAzFjF9Y	c minor	315337059
00873	https://www.youtube.com/watch?v=IBNma3WqtCc	g# minor	123790903
00874	https://www.youtube.com/watch?v=RrtkU7i0qD8	G major
00875	https://www.youtube.com/watch?v=JFYedt-KnB0	C major	277146236
00876	https://www.youtube.com/watch?v=ZD6C498MB4U	e- minor	541424542
00877	https://www.youtube.com/watch?v=uCPjdfCUowg	e- minor	503579402
00878	https://www.youtube.com/watch?v=iI34LYmJ1Fs	D major
00879	https://www.youtube.com/watch?v=qV5lzRHrGeg	F major	270804293
00880	https://www.youtube.com/watch?v=wB3OH0f-6hA	D major	103071380
00881	https://www.youtube.com/watch?v=iYbVFHfxquI	c minor	532222392
00882	https://www.youtube.com/watch?v=dA1ZmHibs4w	F# major	254870016
00883	https://www.youtube.com/watch?v=HaMq2nn5ac0	E major
00884	https://www.youtube.com/watch?v=PTWaiwb5QnE	E- major	480092444
00885	https://www.youtube.com/watch?v=Tw8mpgccugc	d minor	262249537
00886	https://www.youtube.com/watch?v=OGUy2UmRxJ0	G major	564095969
00887	https://www.youtube.com/watch?v=fRh_vgS2dFE	E- major	313122670
00888	https://www.youtube.com/watch?v=rWnTZh3yxTY	E major	438735138
00889	https://www.youtube.com/watch?v=oN--fnrxY4c	e minor	493682574
00890	https://www.youtube.com/watch?v=yC8SPG2LwSA	a minor	552022616
00891	https://www.youtube.com/watch?v=cHHLHGNpCSA	A major	262737553
00892	https://www.youtube.com/watch?v=UTHLKHL_whs	e- minor
00893	https://www.youtube.com/watch?v=ZN5_OD_3gZk	C major	609260138
00894	https://www.youtube.com/watch?v=kN0iD0pI3o0	A- major
00895	https://www.youtube.com/watch?v=RWDXD8tAkPo	e- minor	454071368
00896	https://www.youtube.com/watch?v=mxFstYSbBmc	B major
00897	https://www.youtube.com/watch?v=pvI9PuGorwI	C major
00898	https://www.youtube.com/watch?v=5NAJCeJxMbk	F# major
00899	https://www.youtube.com/watch?v=IvN5h9BE444	f# minor	481068143
00900	https://www.youtube.com/watch?v=UfU4JHbKMM4	C major
00901	https://www.youtube.com/watch?v=hXTAn4ELEwM	E major	278863374
00902	https://www.youtube.com/watch?v=gset79KMmt0	b- minor	380156079
00903	https://www.youtube.com/watch?v=86-gaco6iX8	b minor	352937156
00904	https://www.youtube.com/watch?v=pNYFpTLazvA	G major
00905	https://www.youtube.com/watch?v=7SsrVGHJvaA	E- major	583197961
00906	https://www.youtube.com/watch?v=QnFw6kQIAjg	d minor	357146427
00907	https://www.youtube.com/watch?v=UceaB4D0jpo	g minor	382240283
00908	https://www.youtube.com/watch?v=BPgEgaPk62M	C# major	363223610
00909	https://www.youtube.com/watch?v=Ud5na4v6jHs	E- major	654646875
00910	https://www.youtube.com/watch?v=IdneKLhsWOQ	A- major	345095789
00911	https://www.youtube.com/watch?v=NO8zDm437Ls	E- major	235254417
00912	https://www.youtube.com/watch?v=hiKYufVEUtI	C major	234494277
00913	https://www.youtube.com/watch?v=AoAm4om0wTs	A major	528644230
00914	https://www.bilibili.com/video/BV1jt411B7zD?	A- major	474684749
00915	https://www.bilibili.com/video/BV1Xx411V7mb?	d minor	208007602
00916	https://www.bilibili.com/video/BV1mL411E7Fb?	B major	320364595
00917	https://www.youtube.com/watch?v=kqJ9a_EoBx8	B major	302466647
00918	https://www.youtube.com/watch?v=SX_ViT4Ra7k	g# minor	405926476
00919	https://www.youtube.com/watch?v=D7lDIvMlG4Q	f minor	412524454
00920	https://www.youtube.com/watch?v=BQ0mxQXmLsk	a minor	356151752
00921	https://www.youtube.com/watch?v=3gK_2XdjOdY	E major	280812192
00922	https://www.youtube.com/watch?v=HI6K3Xor7J4	D major
00923	https://www.youtube.com/watch?v=Jtauh8GcxBY	E- major	531298461
00924	https://www.youtube.com/watch?v=-pHfPJGatgE	B major	331391180
00925	https://www.bilibili.com/video/BV1aA411V7zU?	D major	208009905
00926	https://www.bilibili.com/video/BV1T64y1e7tr?	B major	569058954
00927	https://www.youtube.com/watch?v=3YxaaGgTQYM	a minor	226870449
00928	https://www.youtube.com/watch?v=ALZHF5UqnU4	D major	339004059
00929	https://www.youtube.com/watch?v=ShZ978fBl6Y	B- major	480447291
00930	https://www.youtube.com/watch?v=tollGa3S0o8	C major	587651897
00931	https://www.youtube.com/watch?v=M-P4QBt-FWw	e minor	452613651
00932	https://www.youtube.com/watch?v=WFsAon_TWPQ	F# major	601501634
00933	https://www.youtube.com/watch?v=gBRi6aZJGj4	a minor	400435818
00934	https://www.youtube.com/watch?v=60ItHLz5WEA	G major	322118506
00935	https://www.youtube.com/watch?v=i58MNnk6BhY	c minor	510700745
00936	https://www.youtube.com/watch?v=ePao0cTGG-o	E major	515057039
00937	https://www.youtube.com/watch?v=S2dRcipMCpw	b- minor	567381436
00938	https://www.bilibili.com/video/BV1e7411H7Vb?	f# minor	482079967
00939	https://www.bilibili.com/video/BV1et411E7YE?	f minor	214704867
00940	https://www.bilibili.com/video/BV14x411Y7JJ?	B- major
00941	https://www.bilibili.com/video/BV1qD4y1U7fs?	E- major	211195105
00942	https://www.youtube.com/watch?v=aNzCDt2eidg	E major	237299637
00943	https://www.bilibili.com/video/BV18M4y1T7g9?	f minor
00944	https://www.youtube.com/watch?v=Dkk9gvTmCXY	G major	470055592
00945	https://www.youtube.com/watch?v=Jv3zvWZlXkk	C major	324418892
00946	https://www.youtube.com/watch?v=ulOb9gIGGd0	G major	460876993
00947	https://www.youtube.com/watch?v=HUHC9tYz8ik	g minor	332192490
00948	https://www.youtube.com/watch?v=0zGcUoRlhmw	A- major	406605068
00949	https://www.youtube.com/watch?v=amv7CzCmHU0	A major
00950	https://www.youtube.com/watch?v=6RLLOEzdxsM	C# major	383465705
00951	https://www.youtube.com/watch?v=en2D_5TzXCA	C major	404748080
00952	https://www.bilibili.com/video/BV1F4411P7Cn?	B major	547162169
00953	https://www.youtube.com/watch?v=xWggTb45brM	B major	533139694
00954	https://www.bilibili.com/video/BV1a34y1S72i?	D major	228028276
00955	https://www.bilibili.com/video/BV1w34y1r76n	C major	208065787
00956	https://www.bilibili.com/video/BV1y7411f7Qe?	F major	208008176
00957	https://www.youtube.com/watch?v=q31tGyBJhRY	C# major	383063071
00958	https://www.youtube.com/watch?v=1qrhnK6FGr0	e minor	594029959
00959	https://www.youtube.com/watch?v=FuXNumBwDOM	C major
00960	https://www.youtube.com/watch?v=oyEuk8j8imI	E major	316620052
00961	https://www.youtube.com/watch?v=P6QXo88IG2c	B- major	504854245
00962	https://www.youtube.com/watch?v=F5FlN-NBGo8	A- major	283379731
00963	https://www.youtube.com/watch?v=m-PJmmvyP10	g minor	458208172
00964	https://www.youtube.com/watch?v=hEgc1mS0_Ms	a minor	210170009
00965	https://www.youtube.com/watch?v=VvycFWLSdIs	A major	549668154
00966	https://www.youtube.com/watch?v=kOkQ4T5WO9E	F major	328035544
00967	https://www.youtube.com/watch?v=2i2khp_npdE	C major	325864615
00968	https://www.youtube.com/watch?v=SM-BT9cijI4	d minor	571944387
00969	https://www.youtube.com/watch?v=nlvTrcdwDLw	g minor
00970	https://www.bilibili.com/video/BV1444y1z7Bu	C major	621649782
00971	https://www.youtube.com/watch?v=HxIct0i-CcA	C major
00972	https://www.youtube.com/watch?v=UyKgYMQ-AlQ	D major	509760953
00973	https://www.youtube.com/watch?v=iUSVmAJ2Qp0	A- major	594029936
00974	https://www.youtube.com/watch?v=TUVcZfQe-Kw	b minor	546209482
00975	https://www.youtube.com/watch?v=DRS_PpOrUZ4	f minor
00976	https://www.youtube.com/watch?v=rV_O6Q2KSN0	g minor	581759539
00977	https://www.youtube.com/watch?v=xWTiOqJqkk0	a minor	311407096
00978	https://www.youtube.com/watch?v=zDy8K0o_ksA	F major	605186218
00979	https://www.bilibili.com/video/BV1vz4y1275P	f minor	239028025
00980	https://www.youtube.com/watch?v=Pj-Q9vx0EeQ	b minor	349371496
00981	https://www.youtube.com/watch?v=dvgZkm1xWPE	C# major	209516578
00982	https://www.youtube.com/watch?v=axySrE0Kg6k	D major	340885131
00983	https://www.youtube.com/watch?v=8xg3vE8Ie_E	D major	204023695
00984	https://www.youtube.com/watch?v=pB-5XG-DbAA	C major	478695652
00985	https://www.youtube.com/watch?v=mMeZxhnhgDo	b minor	491609728
00986	https://www.youtube.com/watch?v=AJtDXIazrMo	A- major	224735062
00987	https://www.youtube.com/watch?v=V46K7apDziA	D major	311518637
00988	https://www.youtube.com/watch?v=TIfl7GlVwMg	D major	569588217
00989	https://www.youtube.com/watch?v=RTUwaCImChM	F major
00990	https://www.youtube.com/watch?v=euCqAq6BRa4	E- major	439219679
00991	https://www.bilibili.com/video/BV11s411C7oL?	C major	246523272
00992	https://www.bilibili.com/video/BV1wp4y187Vi?	g minor
00993	https://www.bilibili.com/video/BV1vP4y1j7AS?	C major	208039368
00994	https://www.youtube.com/watch?v=YkgkThdzX-8	C major	338735684
00995	https://www.bilibili.com/video/BV1Ci4y1b7xv?	C major	200522398
00996	https://www.youtube.com/watch?v=YKiMrg6rgYQ	G major	324418888
00997	https://www.youtube.com/watch?v=N3vz3rjd0CE	C# major	210457614
00998	https://www.youtube.com/watch?v=g4hGRvs6HHU	D major	363186658
00999	https://www.youtube.com/watch?v=mj0XInqZMHY	A- major	297437053
01000	https://www.youtube.com/watch?v=lp-EO5I60KA	D major	154646048
01001	https://www.youtube.com/watch?v=q0hyYWKXF0Q	f# minor
01002	https://www.youtube.com/watch?v=VafTMsrnSTU	b minor	599367912
01003	https://www.bilibili.com/video/BV1Ab4y117G2?	f# minor	589212302
01004	https://www.youtube.com/watch?v=WXBHCQYxwr0	C# major
01005	https://www.youtube.com/watch?v=2Vv-BfVoq4g	A- major	615344257
01006	https://www.youtube.com/watch?v=2qzcHLyv3N0	C major	590127177
01007	https://www.youtube.com/watch?v=DyFIzKYQQYE	E major	299672316
01008	https://www.youtube.com/watch?v=mpAV6LzoonA	C# major	338677079
01009	https://www.youtube.com/watch?v=bo_efYhYU2A	G major	442040526
01010	https://www.youtube.com/watch?v=6Cp6mKbRTQY	g minor	210172073
01011	https://www.bilibili.com/video/BV1u3411871x?	E- major	432473192
01012	https://www.youtube.com/watch?v=QYh6mYIJG2Y	c# minor	552427299
01013	https://www.youtube.com/watch?v=GCgvpwLNvtY	F major	324161657
01014	https://www.youtube.com/watch?v=E7VPdpEV1m0	C major	443620614
01015	https://www.bilibili.com/video/BV1bx411F7na	F# major	289567563
01016	https://www.youtube.com/watch?v=dN44xpHjNxE	C major	516288237
01017	https://www.youtube.com/watch?v=1AhOK4UwAMs	E- major	526486655
01018	https://www.bilibili.com/video/BV17z4y1C7VC?	B- major	544983756
01019	https://www.youtube.com/watch?v=eXzestWGq2U	g minor	547514961
01020	https://www.youtube.com/watch?v=KIK3azN4w34	D major	549758525
01021	https://www.bilibili.com/video/BV1r7411p7R4?	A major	292701502
01022	https://www.youtube.com/watch?v=-biOGdYiF-I	a minor	525422724
01023	https://www.bilibili.com/video/BV1sW411P7cS?	c# minor	237883554
01024	https://www.bilibili.com/video/BV1aX4y1M7PK?	g minor
01025	https://www.youtube.com/watch?v=4NRXx6U8ABQ	E- major	562290147
01026	https://www.youtube.com/watch?v=cPkE0IbDVs4	e- minor	469582359
01027	https://www.bilibili.com/video/BV1Zq4y1v7MW?	f# minor	510786864
01028	https://www.youtube.com/watch?v=oofSnsGkops	E- major	211914162
01029	https://www.youtube.com/watch?v=AqAJLh9wuZ0	F major	488840235
01030	https://www.bilibili.com/video/BV1Yf4y1x7fD?	A major	412224177
01031	https://www.youtube.com/watch?v=9bxc9hbwkkw	E- major	480531389
01032	https://www.youtube.com/watch?v=jgl9aCZ5EWo	f# minor	618126169
01033	https://www.youtube.com/watch?v=xQOO2xGQ1Pc	D major	540820288
01034	https://www.youtube.com/watch?v=6tkaatkbC2Y	F major	556039827
01035	https://www.youtube.com/watch?v=I-QfPUz1es8	E- major
01036	https://www.youtube.com/watch?v=qf09H2xFq2s	A- major	384482578
01037	https://www.youtube.com/watch?v=Zs4A5tw4m60	b minor	436756346
01038	https://www.youtube.com/watch?v=dhYOPzcsbGM	c# minor	461225462
01039	https://www.bilibili.com/video/BV1Zb411E7D8?	g minor	203776381
01040	https://www.youtube.com/watch?v=wv3d3QCcim4	G major	325176839
01041	https://www.youtube.com/watch?v=6D79CYTxvOM	C# major	469854627
01042	https://www.bilibili.com/video/BV1vW411i7GF?	B- major	272124657
01043	https://www.youtube.com/watch?v=fqzhtvLWefA	A major
01044	https://www.youtube.com/watch?v=V1Pl8CzNzCw	e minor	422537816
01045	https://www.youtube.com/watch?v=-BjZmE2gtdo	G major	487208312
01046	https://www.youtube.com/watch?v=d5rsn0Yl0Ns	D major	222966283
01047	https://www.youtube.com/watch?v=W-w3WfgpcGg	D major	289249584
01048	https://www.youtube.com/watch?v=KcK8WurGpEQ	D major	211195101
01049	https://www.youtube.com/watch?v=YKYAXUPpGd0	b minor	454457281
01050	https://www.youtube.com/watch?v=3tmd-ClpJxA	a minor	447147702
01051	https://www.youtube.com/watch?v=6KlgrAh1we4	B- major	506183879
01052	https://www.youtube.com/watch?v=Mqr-kjvXsk8	D major	313734882
01053	https://www.youtube.com/watch?v=orJSJGHjBLI	B major	575541792
01054	https://www.youtube.com/watch?v=bnVUHWCynig	D major	205058883
01055	https://www.youtube.com/watch?v=iWZmdoY1aTE	F# major	342855671
01056	https://www.youtube.com/watch?v=UPOT2tgY9QQ	d minor	471178794
01057	https://www.youtube.com/watch?v=7I1SPKwTXJ0	E- major
01058	https://www.bilibili.com/video/BV1i44y187G1	D major
01059	https://www.youtube.com/watch?v=Io0fBr1XBUA	E major	319554163
01060	https://www.youtube.com/watch?v=8EJ3zbKTWQ8	g minor
01061	https://www.youtube.com/watch?v=pd3eV-SG23E	C major	324240649
01062	https://www.youtube.com/watch?v=mLFhTFiX0uM	C major	644190267
01063	https://www.youtube.com/watch?v=dqRZDebPIGs	c minor
01064	https://www.youtube.com/watch?v=OvlWgjiQYpo	E major	227570926
01065	https://www.bilibili.com/video/BV1CW411g7UF?	G major	211400228
01066	https://www.youtube.com/watch?v=YsKKuCUYUMU	C# major	343622503
01067	https://www.youtube.com/watch?v=y83x7MgzWOA	F# major	466605318
01068	https://www.youtube.com/watch?v=6Ejga4kJUts	e minor	261725423
01069	https://www.youtube.com/watch?v=YykjpeuMNEk	c minor	553403995
01070	https://www.youtube.com/watch?v=t0igPuDjYUE	E- major	213446224
01071	https://www.bilibili.com/video/BV1Jx411H7CF?	E major	222212679
01072	https://www.youtube.com/watch?v=RB-RcX5DS5A	F major	224155825
01073	https://www.youtube.com/watch?v=RJKuu7JODZA	F# major	258333988
01074	https://www.youtube.com/watch?v=G9xXMGzW8NY	B- major	608288852
01075	https://www.bilibili.com/video/BV1Ek4y1r7Rg?	E- major	214704861
01076	https://www.youtube.com/watch?v=k4V3Mo61fJM	E- major	239664599
01077	https://www.bilibili.com/video/BV1M4411P7gM?	F major
01078	https://www.youtube.com/watch?v=KqjgLbKZ1h0	F major	210095206
01079	https://www.youtube.com/watch?v=IcrbM1l_BoI	G major	473809407
01080	https://www.youtube.com/watch?v=eZMH6Mo0f9A	E major	322110646
01081	https://www.youtube.com/watch?v=kTJczUoc26U	C# major	670144512
01082	https://www.youtube.com/watch?v=caxiOmSWWEM	e minor	596855732
01083	https://www.youtube.com/watch?v=qX2GsMj7154	F major
01084	https://www.bilibili.com/video/BV1jT4y1Q7rV	A- major	560806492
01085	https://www.youtube.com/watch?v=JGwWNGJdvx8	f# minor	441183453
01086	https://www.youtube.com/watch?v=mLk61pfiHQ0	G major	426881486
01087	https://www.youtube.com/watch?v=72agGC5b_Yo	f minor
01088	https://www.youtube.com/watch?v=pXRviuL6vMY	a minor	339939891
01089	https://www.bilibili.com/video/BV1yp411o7Ss	f# minor	287403975
01090	https://www.youtube.com/watch?v=Ew4VvF0DPMc	E- major	570563236
01091	https://www.youtube.com/watch?v=0bhsXykXxfg	E major	242689193
01092	https://www.bilibili.com/video/BV1X44y1i7qc?	A major	567692284
01093	https://www.youtube.com/watch?v=bX33UI9ZPLk	a minor	208008164
01094	https://www.bilibili.com/video/BV1QA411G7JJ?	c minor	669195895
01095	https://www.bilibili.com/video/BV1eb411V7BA	C major	637088531
01096	https://www.youtube.com/watch?v=MAXeCR7iNmU	E- major	587267795
01097	https://www.youtube.com/watch?v=Q_yuO8UNGmY	F major	639925921
01098	https://www.bilibili.com/video/BV1h34y1r73C?	C major	504273293
01099	https://www.bilibili.com/video/BV1ux411Q7dx?	D major
01100	https://www.youtube.com/watch?v=9LFk4TmBFY4	D major	332967829
01101	https://www.youtube.com/watch?v=Qd9YGu3FWgc	A major	294100456
01102	https://www.youtube.com/watch?v=hT_nvWreIhg	E major	297503384
01103	https://www.youtube.com/watch?v=qQkBeOisNM0	C major	356960098
01104	https://www.youtube.com/watch?v=LWeiydKl0mU	E major	537409708
01105	https://www.bilibili.com/video/BV1Cx411d7hD?	f# minor	237883546
01106	https://www.youtube.com/watch?v=V7hJgBcRDwM	G major	381914301
01107	https://www.youtube.com/watch?v=nfWlot6h_JM	G major	345095825
01108	https://www.youtube.com/watch?v=LHCob76kigA	B- major	336147827
01109	https://www.youtube.com/watch?v=stURztsCOZs	B- major	584231654
01110	https://www.youtube.com/watch?v=UtF6Jej8yb4	F# major	666808799
01111	https://www.youtube.com/watch?v=kJQP7kiw5Fk	D major	505263705
01112	https://www.bilibili.com/video/BV1sM4y1V7DT	g# minor	209304749
01113	https://www.youtube.com/watch?v=gl1aHhXnN1k	C# major	480559399
01114	https://www.bilibili.com/video/BV1Qb411S7H1?	E major	338575504
01115	https://www.youtube.com/watch?v=RgKAFK5djSk	B- major	463984062
01116	https://www.youtube.com/watch?v=qN4ooNx77u0	a minor	347328827
01117	https://www.youtube.com/watch?v=mtAc_bMYBsM	G major	488585270
01118	https://www.bilibili.com/video/BV1iJ411e7ZH?	A major	268111515
01119	https://www.youtube.com/watch?v=mk48xRzuNvA	B- major
01120	https://www.youtube.com/watch?v=sJXZ9Dok7u8	C major	479825789
01121	https://www.youtube.com/watch?v=Il0S8BoucSA	D major	581315745
01122	https://www.youtube.com/watch?v=ba7mB8oueCY	E- major	472543662
01123	https://www.youtube.com/watch?v=JRfuAukYTKg	E- major	222756004
01124	https://www.youtube.com/watch?v=VF-r5TtlT9w	A- major	502038750
01125	https://www.bilibili.com/video/BV1jP4y1E7uZ?	a minor
01126	https://www.bilibili.com/video/BV1ta411c78r	C major	367562516
01127	https://www.bilibili.com/video/BV15T4y197Xi?	e minor	538730650
01128	https://www.bilibili.com/video/BV1Ry4y1K7B2?	B- major	621649674
01129	https://www.youtube.com/watch?v=03-ge__OaIU	a minor	210170052
01130	https://www.youtube.com/watch?v=7wtfhZwyrcc	b- minor	447118180
01131	https://www.bilibili.com/video/BV1Ws411e7Yf?	F major	335033263
01132	https://www.youtube.com/watch?v=-8VfKZCOo_I	A- major
01133	https://www.bilibili.com/video/BV1tu411z7w4	F# major
01134	https://www.youtube.com/watch?v=AfxsFsLhL04	C major	616511930
01135	https://www.youtube.com/watch?v=CEw-7cMnBDY	g minor	579394748
01136	https://www.youtube.com/watch?v=pvPsJFRGleA	F# major
01137	https://www.bilibili.com/video/BV1cJ411u7Qe?	F# major	237938661
01138	https://www.bilibili.com/video/BV1d4411N7zD?	G major	204197924
01139	https://www.youtube.com/watch?v=5GJWxDKyk3A	a minor	567381450
01140	https://www.bilibili.com/video/BV1eL4y1W7bj?	B- major	528521090
01141	https://www.youtube.com/watch?v=RsEZmictANA	G major	565582927